Rank,Player,GP,MSR,Min,PTS,FGM,FGA,FG%,3PTM,3PA,3P%,FTM,FTA,FT%,OREB,DREB,REB,AST,TOV,STL,BLK,PF,Plus Minus,European Archetype
1,Hugo González,3,23.81,34.7,18.3,4.7,14.7,31.8,2.3,9,25.9,4,5,80,1.3,6.7,8,5.7,3.7,1.7,0.3,4,11,
2,Labaron Philon,4,19.76,32,18.5,7.3,19,38.2,2,7.8,25.8,1.3,2,62.5,0.8,2.8,3.5,5.8,2.5,1.5,0.3,1,-5,
3,Ryan Nembhard,2,16.91,31.7,13.5,4.5,13,34.6,0.5,4,12.5,2,2.5,80,0,2.5,2.5,8,3.5,1,0.5,3,-19,
4,Bruce Thornton,4,25.19,31.5,21.3,6.3,14.3,43.9,2.8,6.3,44,3.5,4.8,73.7,0.8,3,3.8,3.8,1.8,3,0,2.8,12,
5,Tre Donaldson,4,21.66,31.3,16.3,6.8,12.8,52.9,1.8,4,43.8,0.8,1.5,50,1,3.5,4.5,6.8,3,1.8,0.3,2,3,
6,Chaz Lanier,5,25.79,31,17.4,5.8,12.4,46.8,4.6,9,51.1,0.8,0.8,100,0.4,2,2.4,2.4,1.2,0.8,0.2,1.8,-2,
7,Kobe Sanders,4,23.31,30.6,16.3,5.5,12.8,43.1,1.5,6,25,2,2,100,1.5,3.3,4.8,4,2,1.8,0,3.5,-2,
8,Ebuka Okorie,5,21.38,30.4,18.6,6.4,17.6,36.4,0.8,4.6,17.4,3,3.4,88.2,0.8,2.6,3.4,4.4,2.6,2.4,0.2,3,-2,
9,Morez Johnson,2,22.2,30.3,18.5,8,12.5,64,0.5,2.5,20,1.5,2,75,1.5,5,6.5,1.5,1.5,2.5,3,7,-11,
10,Kobe Bufkin,3,24.11,30.2,21.3,6.3,14,45.2,2.3,7.3,31.8,4.3,5.3,81.3,1,4.3,5.3,3,3.7,2,1,3.7,-2,
11,Jase Richardson,3,27.26,30.1,18.3,6.7,12.3,54.1,2.3,4.7,50,1.7,1.7,100,1,2.7,3.7,4.7,2.3,1.7,0,2.7,2,
12,Zyon Pullin,5,23.74,30,21,5.2,12.2,42.6,1,2.8,35.7,5.8,7,82.9,1,3.6,4.6,7.8,3,1,0.4,1.8,-2,
13,Isaiah Crawford,4,24.51,29.8,16,4.8,13,36.5,2,6.3,32,2.8,3,91.7,2.5,3.8,6.3,2.8,2,1,2.3,4.3,12,
14,KJ Simpson,2,22.15,29.6,18,5,14,35.7,1.5,6,25,4.5,5.5,81.8,1,2,3,6.5,4.5,1,0.5,5,1,
15,Noah Penda,3,27.19,29.4,15,4.7,8.3,56,2.7,5.7,47.1,2,2,100,1.7,5,6.7,3.3,2.3,1.7,2.7,3,2,
16,Quadir Copeland,4,23.41,29.3,10.5,3.3,6.3,52,1,1.8,57.1,1.8,2.8,63.6,1.3,2.8,4,3,2,2.8,0,6,12,
17,Tre White,4,26.23,29.2,17.3,5.3,12,43.8,3,7.5,40,2.3,2.3,100,1.3,4.5,5.8,2.8,0.5,1.8,0.3,0.8,11,
18,Nae'Qwan Tomlin,2,23.81,29.2,18.5,7.5,12,62.5,1.5,3.5,42.9,1,1.5,66.7,1.5,4.5,6,3.5,2,2,2.5,3.5,-5,
19,Jahmir Young,4,23.15,29.2,22,8,19,42.1,2.8,9,30.6,2.3,3.3,69.2,1.8,3,4.8,4.5,3.8,2.3,0.5,1.5,1,
20,Chucky Hepburn,2,19.71,29.1,6.5,2.5,10.5,23.8,0.5,6,8.3,0.5,0.5,100,0,3.5,3.5,6.5,2,1.5,0,4,17,
21,Meleek Thomas,4,29.26,29,27.3,10.3,20.5,50,3.5,8,43.8,1.8,1.8,100,1.5,2,3.5,3.8,1.5,2,0.3,4,7,
22,Rienk Mast,3,21.37,28.8,16.3,6,12.7,47.4,2,6.7,30,1.3,2,66.7,5.3,4.7,10,2,1.7,0.3,0.3,1.3,-3,
23,Cam Christie,2,19.62,28.7,11,2,9,22.2,1,3,33.3,3,3.5,85.7,1.5,7,8.5,1,4,0.5,0,2,-2,
24,Will Riley,2,30.16,28.6,25,7,13,53.8,3.5,5,70,5,6,83.3,1,3.5,4.5,2.5,2.5,0,0,3,13,
25,Tyler Nickel,5,12.32,28.5,12.2,4.2,11.2,37.5,3.8,9.2,41.3,0,0.4,0,0,3.6,3.6,1.6,0.8,1,0.4,2.4,-10,
26,Tre Johnson,1,26.8,28.4,26,11,20,55,2,8,25,1,1,100,0,2,2,1,4,1,0,4,5,
27,Milos Uzan,4,21.9,28.4,9.3,3,9.3,32.4,1.5,4.5,33.3,1,1,100,0.8,4.3,5,4.3,1.3,0,0,2,6,
28,Sergio De Larrea,4,18.64,28.3,8,2.3,8.3,27.3,1,5,20,1.8,2,87.5,1.3,3.5,4.8,8.8,3,1,1,2.8,-3,
29,Keaton Wagler,4,21.83,28.2,18,5.5,14.3,38.6,2,6,33.3,3,3.8,80,0.8,2.5,3.3,2.8,2.3,0.5,0.3,4.3,-3,
30,Darryn Peterson,3,20.33,28.2,20.7,5.3,17.3,30.8,1,4.3,23.1,5.3,7,76.2,1,2,3,4,4.7,1,1.3,5.3,-10,
31,Alex Morales,4,18.76,28.2,8.3,3,7,42.9,1,3,33.3,0.8,1.3,60,1.3,5.3,6.5,2.8,2,1.8,0,3.3,4,
32,Amari Williams,3,17.58,28.2,11.7,3.7,6.7,55,0,0,0,2.3,4,58.3,2.7,5.7,8.3,2.7,3,0.7,2.7,3.3,5,
33,Dailyn Swain,4,11.51,28,4.3,1,7.8,12.9,0,1.8,0,1.3,1.8,71.4,1.3,3.8,5,2.3,1.8,0.8,0,2.8,-5,
34,Trevon Brazile,3,24.93,27.9,18.7,6.7,14.7,45.5,3,6.3,47.4,1.3,1.7,80,3.7,4.7,8.3,0.3,2.7,0.7,1.3,3.3,-1,
35,Bennett Stirtz,3,23.07,27.9,17.7,6.7,13.3,50,2,6.7,30,1.3,1.3,100,0,1,1,3.3,2.7,0.7,0.7,2.3,-10,
36,Cameron Boozer,4,26.46,27.8,20,7,13.5,51.9,1.3,3.3,38.5,3,3.8,80,2.3,4.8,7,3.3,3.3,2,0.3,3.3,16,
37,Caleb Wilson,4,20.73,27.7,23.5,8.5,17,50,3.3,7.8,41.9,1.5,4.5,33.3,2,5.3,7.3,1.8,5.3,1.3,2.5,3.5,-13,
38,Jaylin Sellers,5,20.1,27.7,15.6,4.8,12.2,39.3,1.8,7.6,23.7,2.8,3.4,82.4,0.8,1.6,2.4,2.4,2.6,1.6,0.8,3.2,-8,
39,Koby Brea,4,17.62,27.7,7.8,2.5,9,27.8,1.8,6.3,28,0.8,1,75,0.8,1.8,2.5,2,1.8,1,0.3,2,4,
40,Javon Small,4,22.99,27.6,13.3,3.8,9,41.7,1.8,5.3,33.3,2.5,2.8,90.9,0.8,2.3,3,5.3,1.3,1.8,0.5,1.5,9,
41,Braden Smith,4,17.48,27.6,7.3,1.8,6.8,25.9,1,3.5,28.6,1.8,2.3,77.8,0.8,4,4.8,6.5,2.8,1.8,0,3.3,-6,
42,Allen Graves,4,28.42,27.5,16.8,6.5,12.8,51,2.8,5.5,50,0.8,0.8,100,1.5,5.3,6.8,3,1.8,2.3,1,4.5,11,
43,Vsevolod Ishchenko,5,18.5,27.5,9.6,2.6,6,43.3,0.4,1,40,2.2,3.6,61.1,1.6,2.8,4.4,3,3.4,1.2,0.8,2,-4,
44,Johni Broome,3,15.9,27.5,14.7,6.3,14,45.2,0.7,5,13.3,0.7,2.7,25,5.3,3.7,9,1.7,2.7,1,1,4,3,
45,Khaman Maluach,4,26.25,27.4,19.5,6.3,11.8,53.2,2,5,40,3.3,4.8,68.4,2.3,10.5,12.8,1,2.5,1.3,2,3.8,12,
46,Darius Acuff Jr.,3,19.2,27.4,19,6.3,17.3,36.5,1.7,6.3,26.3,3,4.7,64.3,0,1.3,1.3,5.3,4.7,1,1,3,-11,
47,Trevor Keels,2,30.05,27.2,23,9,15,60,4,8,50,0.5,0.5,100,0,4.5,4.5,3,1.5,2,0,1,14,
48,Yaxel Lendeborg,4,21.5,27.2,13.3,5,12,41.7,1.8,5,35,1,1.5,66.7,2,4.8,6.8,4.8,2.3,1.5,0.5,3.3,6,
49,Isaac Jones,5,19.61,27.2,14.8,4.6,10.4,44.2,0.4,2.2,18.2,2.6,3.4,76.5,2,5.6,7.6,1.4,1.6,1,1,2.6,-4,
50,Koa Peat,4,18.68,27.2,16.8,6.3,12.3,51,0,0.5,0,2.5,4,62.5,0.8,4,4.8,2.3,3,1.5,0.5,6,8,
51,Seth Lundy,4,27.92,27.1,20,6.5,12.5,52,3.5,8,43.8,2.3,2.3,100,1,2.8,3.8,2.3,1,1.8,0.3,2.3,13,
52,Ryan Conwell,1,24.48,27.1,19,7,16,43.8,2,8,25,1,1,100,0,1,1,3,0,0,1,6,10,
53,Micah Peavy,2,23.46,27.1,12.5,4,8.5,47.1,1.5,3,50,1.5,1.5,100,0.5,1.5,2,3,0,1.5,0,2.5,-6,
54,Liam McNeeley,3,24.53,26.9,21.7,6.3,14,45.2,3.3,6.3,52.6,4,6,66.7,1,4,5,3.3,4.3,0.3,1,2.3,-2,
55,Brayden Burries,3,23.61,26.9,22.3,7.7,15.3,50,2.7,6,44.4,3,4.7,64.3,0.7,4,4.7,4,0.3,2.3,1,3.7,-5,
56,Dante Maddox Jr.,4,21.79,26.9,15.8,4.8,12.3,38.8,2.3,6.3,36,2.3,2.8,81.8,1,2.3,3.3,1.5,1.8,1,0,1.8,2,
57,Brice Williams,5,21.89,26.8,14.8,4.2,9.2,45.7,2.2,5.6,39.3,2.6,3.2,81.3,0.2,4.8,5,1.8,2.4,0.8,0.6,2.2,-7,
58,Christian Anderson,5,18.54,26.8,10.4,3.4,10.8,31.5,1.4,6.6,21.2,1,1.2,83.3,0.4,2.2,2.6,4.2,2.8,1.2,0.2,2,-1,
59,Cody Williams,2,17.04,26.8,8,3,7,42.9,1,2,50,0.5,1,50,0.5,3,3.5,1.5,3,2.5,0.5,1.5,-11,
60,Cameron Carr,3,21.43,26.7,18.3,6.7,14.3,46.5,1.3,6,22.2,2.3,3.3,70,0,2,2,1,0.7,1,1,2.7,13,
61,Rasheer Fleming,4,19,26.7,12,4.5,9.5,47.4,2,4.8,42.1,0.5,1,50,2.8,3.8,6.5,1,1.8,1,1,2.3,-4,
62,Chaney Johnson,4,25.84,26.6,13,5.3,7.8,67.7,0.8,1.8,42.9,1,1.3,80,4.3,4,8.3,1.8,2,3.3,0.3,2.8,10,
63,Cedric Coward,4,23.24,26.6,16.8,5.3,13.5,38.9,1.5,5.3,28.6,2.5,3,83.3,2.5,5,7.5,3.8,2.8,0.8,0.8,3.5,7,
64,Colin Castleton,4,19.22,26.5,13.8,5.8,9.3,62.2,0.8,1.8,42.9,0.8,2,37.5,1.5,4.5,6,1.3,1.5,0.5,0.5,2.5,-3,
65,Ryan Kalkbrenner,3,8.48,26.5,5.3,2.7,4.7,57.1,0,0,0,0,1,0,2.3,2.3,4.7,3,2.3,1,3.7,2.7,-8,
66,Alex Karaban,5,20.34,26.4,8.4,3.2,8.4,38.1,1.6,4.8,33.3,0.2,0.2,100,1.8,2,3.8,1.2,1.8,0.4,0.2,1,-7,
67,J'Vonne Hadley,5,17.81,26.4,6,1.8,4.6,39.1,0.6,2.6,23.1,1.2,1.4,85.7,0.8,4.4,5.2,1.2,0.6,0.8,0.4,2.6,-4,
68,Isaiah Evans,1,3.13,26.4,4,2,15,13.3,0,9,0,0,0,0,4,1,5,1,2,0,1,1,-27,
69,Ja'Kobi Gillespie,4,22.5,26.3,16,6,15,40,2,6.5,30.8,1.5,1.8,85.7,1.8,1.5,3.3,4.3,3.3,2,0.5,3,0,
70,Reece Beekman,4,17.66,26.3,6.5,2,5.5,36.4,1,2.3,44.4,1,1.8,57.1,1,2,3,4,2.3,2.3,1.5,1.5,1,
71,Dillon Mitchell,3,15.84,26,13,5.7,12,47.2,1,2.7,37.5,0.3,1.7,20,4,1,5,1.3,2,2.7,1.3,2,-2,
72,Maliq Brown,4,25.44,25.9,5.3,1.3,2,62.5,0.3,0.5,50,1.3,1.3,100,4,2.3,6.3,2,1.5,2.8,0.5,4.5,6,
73,Bryce Hopkins,4,22.43,25.9,18,6.8,12.8,52.9,1.3,3.5,35.7,2,3,66.7,2,4.5,6.5,1.5,1.5,1.5,0.8,1.3,2,
74,Sion James,3,19.57,25.9,7.7,2,7.3,27.3,1,4.7,21.4,1.3,1.3,100,0.7,4,4.7,3.3,3,0,0.3,3.7,2,
75,Brooks Barnhizer,4,18.3,25.9,12.8,4.5,10.3,43.9,0.3,1.5,16.7,1.8,2.8,63.6,2.8,6.8,9.5,3.3,2.3,1.5,0.8,3.8,-6,
76,Nate Santos,5,25.18,25.8,13.4,3.8,8,47.5,3.4,6.6,51.5,1.6,1.6,100,0.6,2.8,3.4,1.2,2.2,0.6,0.2,3.4,0,
77,Will Richard,3,23.71,25.8,8.7,3.3,7,47.6,1.3,3.3,40,0.3,0.3,100,0.3,2.3,2.7,3.3,3,1.3,0.7,2.7,9,
78,Taylor Hendricks,4,16.75,25.8,9,3,9,33.3,0.5,5.3,9.5,1.3,1.8,71.4,1,2.5,3.5,1.3,1.3,1,1.3,3.5,8,
79,Adou Thiero,4,20.06,25.7,14.8,5,10.3,48.8,0.3,2.5,10,2.5,3.8,66.7,2.3,3,5.3,3,2,1.5,0.8,4,14,
80,Olivier-Maxence Prosper,3,19.01,25.7,16.3,6.3,12.7,50,2.3,6,38.9,0.7,1.7,40,3,1.3,4.3,1,1.7,0.3,0.3,2.3,1,
81,Jalen Slawson,4,22.36,25.6,20.5,6,14,42.9,1.5,5.8,26.1,4.3,5.5,77.3,1.8,5.3,7,2.5,3.8,0.5,3,4.8,-9,
82,Riley Minix,5,15.87,25.6,9,3.4,9.6,35.4,0.6,4.6,13,1.2,1.8,66.7,1.4,2.6,4,2.2,1.2,0.8,0.4,2.8,-2,
83,Lester Quiñones,4,24.5,25.5,16.3,5.5,10.8,51.2,2.5,5.3,47.6,2.3,2.8,81.8,0.8,3,3.8,3,3.5,1,0,3.8,0,
84,Zuby Ejiofor,2,23.02,25.5,12.5,2.5,6.5,38.5,1.5,3.5,42.9,3.5,4.5,77.8,2.5,2.5,5,2.5,1.5,1.5,1.5,3.5,16,
85,John Tonje,4,20.32,25.5,15,5,10.5,47.6,3,6.5,46.2,1.3,2.3,55.6,0.5,2.8,3.3,0.5,2,1.3,0,1.8,-2,
86,Hunter Dickinson,3,16.74,25.5,13.3,5.3,12,44.4,2,5,40,0.3,1.3,25,3,2.7,5.7,2.7,1.3,0.7,0.7,4,-2,
87,Isaiah Evans,3,16.61,25.5,12.7,4.3,13.3,32.5,2.7,10,26.7,0.7,1,66.7,0.3,1.3,1.7,1.3,2.3,0.3,0,3.3,-15,
88,AJ Dybantsa,2,23.67,25.4,25,6.5,16.5,39.4,0.5,5.5,9.1,6,7,85.7,0,7,7,2,2,2.5,1.5,0.5,13,
89,Egor Dëmin,3,25.31,25.3,21,6.7,15.7,42.6,3,10,30,2.3,2.7,87.5,0.3,3.3,3.7,4.3,1.7,2.3,0.7,3.3,12,
90,Joan Beringer,1,23.77,25.3,18,7,15,46.7,0,0,0,3,3,100,4,7,11,1,1,1,4,2,14,
91,Cormac Ryan,2,15.19,25.3,11,3.5,10,35,2,5.5,36.4,1,2.5,40,1.5,5,6.5,1.5,3.5,2,1,3,-19,
92,Sean Pedulla,5,23.97,25.2,13.6,4,11.2,35.7,2.2,6.2,35.5,2,2.2,90.9,0.6,3.4,4,6,2.8,2.2,0,3.2,14,
93,LJ Cryer,4,22.44,25.2,14.8,5,11.8,42.6,3.3,8.8,37.1,0.8,1,75,0.5,2.3,2.8,3.8,1.5,1.3,0,2,10,
94,RJ Davis,4,17.95,25.2,12.8,4.5,11.8,38.3,1,5.3,19,1.8,2.8,63.6,1,3.5,4.5,2.3,2.8,1.5,0,1,2,
95,Pete Nance,4,14.53,25.1,10.5,4,8,50,2.5,5.5,45.5,0,0.3,0,1.3,3,4.3,2.8,1.3,0.5,1,3.8,1,
96,Malevy Leons,4,21.53,25,10,3.8,6.8,55.6,0.8,2.3,33.3,1,1.3,80,3,4,7,1.3,1.3,1,0.3,1.5,1,
97,Jayson Kent,5,20.87,25,11,3.2,8,40,1.4,4.6,30.4,1.6,1.8,88.9,1.8,2.4,4.2,1.4,0.6,1.2,0.2,3,3,
98,Chris Mañon,4,20.59,24.9,11.8,4,8.8,45.7,0.8,2.3,33.3,1.8,3,58.3,2,5.3,7.3,2.3,1.8,1.3,0.3,3.8,12,
99,Chris Livingston,4,21.1,24.8,13,5,9,55.6,1,2.5,40,1.5,2.3,66.7,1.5,3,4.5,2.3,1,1,0.3,1.8,-1,
100,Erik Stevenson,4,18.82,24.7,11.3,4.5,10.5,42.9,2,5.5,36.4,0.3,0.5,50,1.3,3.3,4.5,2,1.8,1.8,0.3,3.3,6,
101,Aday Mara,3,13.99,24.7,8.7,3.3,5,66.7,0,0.3,0,1,3,33.3,2.3,5.3,7.7,3.7,3,0.3,1,2.3,-7,
102,Mohamed Diawara,2,9.18,24.7,3.5,0.5,7,7.1,0.5,5,10,1,1.5,66.7,1,4.5,5.5,0.5,2,0,0.5,2,-27,
103,Jonathan Mogbo,4,22.22,24.5,11.5,4,9,44.4,0.8,1.5,50,1.8,2.5,70,3.3,5.5,8.8,2.8,2,0.5,1.5,3.3,-1,
104,Josh Dix,4,21.5,24.5,9.5,3.5,8.3,42.4,2,5.3,38.1,0.3,0.3,100,0.3,2.8,3,1,0.8,0.3,0.3,1.8,-5,
105,Yang Hansen,4,22.91,24.4,13,5.3,9.3,56.8,1,2.3,44.4,0.8,1.3,60,2,6.5,8.5,3.8,4.3,0.3,1.5,4,4,
106,Emanuel Miller,3,15.93,24.4,7.3,3,7.7,39.1,0.3,2.3,14.3,0.7,1,66.7,1,4.3,5.3,0.3,1.7,0.3,0.3,1.7,2,
107,Hannes Steinbach,5,24.61,24.3,15.8,5.8,9.6,60.4,0.2,0.4,50,2.2,3,73.3,3.4,5.8,9.2,1.4,3.2,0.6,0.6,2.2,-1,
108,Rocco Zikarsky,5,14.5,24.3,12.2,5,10,50,0.6,2.8,21.4,0.8,2.8,28.6,2,3.8,5.8,1.6,1.6,0.2,1.8,2,-8,
109,Kingston Flemings,2,12.41,24.3,7,3,9,33.3,1,3,33.3,0,0.5,0,0.5,3.5,4,6.5,3.5,0.5,1,3.5,11,
110,Matt Cleveland,3,25.06,24.2,11.7,4.3,8,54.2,1,2,50,1.3,1.3,100,1.7,2.7,4.3,1.7,1.7,1,0,2.7,1,
111,Taelon Peter,4,19.75,24.2,9.5,3.3,6.3,52,2,5,40,0.8,1,75,0,1,1,1.8,1.8,1,0,2,-6,
112,Nique Clifford,3,19.39,24.2,10.7,3.3,8,41.7,1,3.3,30,1.7,2,83.3,0.3,2.3,2.7,2,3.3,1,0.3,3,-6,
113,Daishen Nix,4,17.15,24.2,9.5,2.8,7.8,35.5,1,4.3,23.5,2,3,66.7,1.3,2,3.3,2,3.8,1.5,0.5,3,-2,
114,Nick Martinelli,5,24.11,24.1,14.8,5.8,9.6,60.4,0.6,1.2,50,1.6,2.4,66.7,1.8,4.6,6.4,1.6,1,0.8,0,3.8,8,
115,Emanuel Sharp,5,22.68,24.1,15.8,4.4,11,40,3.2,8.4,38.1,2.4,2.6,92.3,0.4,1.8,2.2,1.2,1.2,2.8,0.4,4.6,-6,
116,John Poulakidas,5,22.96,24,12.4,3.8,9.2,41.3,3.2,7.6,42.1,0.8,0.8,100,0.2,1.8,2,1.4,1.8,0.6,0.4,3.2,-3,
117,Asa Newell,2,15.26,24,9.5,3.5,8,43.8,0.5,2,25,1,3,33.3,1.5,2.5,4,1.5,0.5,1,1,3,8,
118,Tidjane Salaün,5,20.56,23.8,13.4,4.4,8.6,51.2,1,4.2,23.8,2.2,2.8,78.6,1,4.4,5.4,0.6,2.4,1.6,0.6,2.4,-3,
119,Tristen Newton,4,22.2,23.7,17,4.8,11.5,41.3,1.5,4.8,31.6,3,4,75,2.8,2,4.8,1.5,2.3,2,0.3,3.8,8,
120,Pacôme Dadiet,4,18.56,23.7,15.3,5,13.8,36.4,1,6.3,16,2.5,3,83.3,2,2.5,4.5,0.8,1.8,1.3,0.8,1.3,-12,
121,Carter Bryant,2,21.56,23.6,15.5,5.5,11.5,47.8,1.5,4.5,33.3,2,2.5,80,0.5,1.5,2,0.5,4,0.5,2,1.5,-1,
122,Jaden Akins,3,19.6,23.6,11.3,4.3,12,36.1,1.3,5.3,25,0.7,0.7,100,0,1.3,1.3,2,2.7,0.7,0,4.3,-13,
123,Melvin Council Jr.,3,17.65,23.6,8,3.3,7,47.6,0.7,2,33.3,0.3,0.7,50,0.3,1.3,1.7,3.7,1.7,1.3,0.3,2.3,11,
124,Javonte Cooke,4,19.21,23.5,12,4,10,40,1.8,5.5,31.8,1.5,2,75,0.3,3,3.3,1.3,1.3,0.3,0,3,-4,
125,Baba Miller,5,23.47,23.3,12,4.2,6.8,61.8,0.8,1.6,50,1.6,2.2,72.7,1.4,2.4,3.8,2,1.2,0.4,1.4,3.4,5,
126,Malaki Branham,5,22.85,23.3,15.2,5,10.6,47.2,1.2,3.6,33.3,3,3.2,93.8,1,2.2,3.2,2.2,3.4,1.2,0.4,1.8,-3,
127,Darius Brown II,4,21.69,23.3,11.5,3.8,7,53.6,1.8,4,43.8,1.5,2.3,66.7,0.8,3.8,4.5,5.5,2.5,1,0,1.8,1,
128,Chris Cenac Jr.,4,19.5,23.3,10.5,3.8,10.3,36.6,0.8,2.8,27.3,1.3,1.8,71.4,2.5,5.5,8,1,3,0.3,2.8,3.3,2,
129,Tarris Reed Jr.,3,16.26,23.1,7.7,3,8.3,36,0,0.3,0,1,1.3,75,3.7,5,8.7,2.3,2.3,0.7,0.3,5,2,
130,Nimari Burnett,4,17.94,23,9.5,3.3,8,40.6,0.8,3.5,21.4,1,1.5,66.7,1.3,2,3.3,2.8,0.8,1.3,0.3,3.3,8,
131,Payton Sandfort,4,21.75,22.9,13,5.3,12,43.8,1.8,6,29.2,0.8,0.8,100,1,2.8,3.8,1,1.3,0.3,0.3,2.3,-8,
132,Maxime Raynaud,2,19.25,22.9,11.5,4,9,44.4,1.5,3.5,42.9,1,1.5,66.7,2.5,5.5,8,2.5,4.5,0.5,0,4,-21,
133,Bogoljub Marković,4,18.8,22.9,10,3.8,8.3,45.5,2,4.5,44.4,0.3,0.5,50,1,4.3,5.3,1.5,1.3,0,0.8,3.5,1,
134,Trey Alexander,3,15.24,22.9,7.3,2,6.7,30,1,2.7,37.5,1.7,3.7,45.5,1.7,3,4.7,3.3,1.3,2.3,0.3,0.7,-3,
135,Donovan Williams,5,21.36,22.8,13.4,4.4,9.4,46.8,0.6,3,20,2.4,2.4,100,0.8,0.8,1.6,1.4,0.8,1.4,0.4,4,0,
136,Drake Powell,4,18.7,22.8,7.3,1.8,6.8,25.9,1,4,25,1.5,1.5,100,0.5,1.3,1.8,1,1,1.3,0.5,1.8,3,
137,Tamin Lipsey,2,7.18,22.8,3.5,1.5,4.5,33.3,0.5,2.5,20,0,0.5,0,1,2,3,1,1,0.5,0,3,-6,
138,Arthur Kaluma,4,28.31,22.7,20.3,5.8,9,63.9,3,5.5,54.5,3.3,3.8,86.7,0.5,3,3.5,2,1.8,0,0,2.5,14,
139,Markquis Nowell,4,20.67,22.6,13,3.5,9.3,37.8,2.5,6.5,38.5,2,2.5,80,0.3,2.3,2.5,4.3,1.8,3.3,0.3,3.3,-7,
140,Nate Ament,4,20.47,22.6,11,3.8,7.5,50,1.3,3.8,33.3,1.5,1.8,85.7,0.5,3.8,4.3,1,2.3,0.5,0.3,2.3,-10,
141,Dillon Jones,5,18.32,22.6,8.2,3,8.8,34.1,0.4,3,13.3,1,1,100,0.4,4,4.4,3,3.4,1.8,0.4,2,-9,
142,Mikel Brown Jr.,3,24.74,22.5,16.7,5,12.7,39.5,2.3,7,33.3,2.7,2.7,100,0,1.7,1.7,4,2.7,1.7,0.7,3,10,
143,Jack Kayil,4,16.83,22.4,8.8,3.3,9.5,34.2,1.3,5.5,22.7,0.5,0.8,66.7,1.3,1.8,3,3.5,1.8,1.8,0.3,1.5,0,
144,Orlando Robinson,5,16.35,22.3,11.8,4.2,9.8,42.9,0.4,2.8,14.3,1.6,2.8,57.1,1.8,4.8,6.6,1.6,1.6,0.6,1.4,2.4,-5,
145,Dylan Cardwell,4,13.49,22.3,7.8,3,7,42.9,0,0.5,0,1,1.8,57.1,3.5,3.3,6.8,2.5,0.8,0.8,2.8,5.3,-12,
146,Ben Saraf,4,17.63,22.2,8.8,2.3,7.3,31,0.5,2.3,22.2,2.3,3,75,0,1.5,1.5,3,1.5,1.5,0.3,1.3,11,
147,Jaron Pierre Jr.,3,19.41,22,10,3.3,12.3,27,1,5.7,17.6,1.7,1.7,100,0,1.7,1.7,0.7,1.7,0.7,0,3.3,4,
148,Frankie Fidler,5,18.24,21.9,9.8,2.8,9.4,29.8,1,4,25,1.8,2.2,81.8,1.2,2.8,4,1.2,1.6,0.8,0.2,2,1,
149,Enrique Freeman,5,14.59,21.9,7.4,2.6,5.8,44.8,0.2,1.8,11.1,1.4,2.6,53.8,2.4,4.6,7,1.8,2.2,0,0,2.4,-6,
150,Vladislav Goldin,5,14.3,21.8,8,2.6,6.2,41.9,0,0.2,0,1.4,2.4,58.3,1.6,5,6.6,1.6,1.6,0.6,1.6,1.4,2,
151,Chris Youngblood,5,20.03,21.7,11,3.6,9.8,36.7,1.4,6,23.3,1.4,1.6,87.5,0.6,2.8,3.4,2.6,2,0.6,0.4,3.6,2,
152,Seth Trimble,4,19.97,21.7,11.8,3.5,7.8,45.2,0.8,3,25,2.3,2.5,90,1.8,1.8,3.5,1.8,1.3,1.8,0.3,2.5,-7,
153,Kasparas Jakučionis,2,18.2,21.7,9,2.5,9.5,26.3,1.5,3,50,1,1.5,66.7,1.5,0,1.5,5,3.5,2.5,0,3,-6,
154,DJ Steward,2,21.16,21.6,15.5,6,14.5,41.4,2.5,6,41.7,0.5,1,50,1.5,4.5,6,3.5,4,1,0.5,2.5,9,
155,Graham Ike,4,23.16,21.5,10.3,3.5,7.8,45.2,0.3,0.5,50,1.8,2,87.5,2.3,4.8,7,2,1.3,0.3,1,3,1,
156,Michael Ajayi,5,16.88,21.5,8.6,3.2,6.4,50,0.6,2.8,21.4,1,2,50,2.2,5,7.2,1.6,1.4,1.2,0.6,2.6,1,
157,Gabe Madsen,4,13.87,21.5,5.5,2,8,25,0.5,5.5,9.1,0.5,0.8,66.7,0.5,3,3.5,3,2.3,0.8,0.5,2.5,-1,
158,Danny Wolf,4,18.75,21.4,11.8,4.3,8.8,48.6,0.3,2.3,11.1,1.8,2.8,63.6,1.8,4,5.8,1.8,2.8,0.8,0.8,4.3,10,
159,Isaiah Wong,3,29.18,21.3,13,3.7,6.3,57.9,1.7,1.7,100,2.7,3.3,80,1.3,4,5.3,2,2.3,2,0.3,2.3,2,
160,Tobe Awaka,5,15.6,21.2,6.8,2.8,3.6,77.8,0,0,0,0.6,1.2,50,3.4,3.2,6.6,0.4,2.2,0.6,1.2,4.6,-9,
161,Joshua Jefferson,3,15.15,21.2,7.3,2.3,7,33.3,0.3,2.7,12.5,1.7,2.3,71.4,0,1.7,1.7,1.3,1.3,2,0.7,2,0,
162,Andersson Garcia,2,6.75,21.2,2,1,2.5,40,0,1,0,0,0,0,0.5,2,2.5,1.5,2,0.5,0.5,3.5,8,
163,Jaxson Robinson,5,22.43,21.1,9.4,3.2,8.2,39,2.4,6.2,38.7,0.4,0.4,100,0.6,2.4,3,1.4,0.6,1.2,0.4,1.8,5,
164,Kobe Johnson,4,22.8,21,15.5,5.5,10.8,51.2,1.5,5,30,1.8,2.3,77.8,2.3,3.3,5.5,2.5,2,1.5,0.5,2,7,
165,Anthony Pritchard,4,12.8,20.9,5.5,2.3,5.8,39.1,0,0.5,0,0.5,0.8,66.7,0.5,2.5,3,3,2.8,1,0.5,1.5,-8,
166,Kam Jones,2,22.19,20.8,9,3,7,42.9,1.5,4,37.5,1,1,100,0,2.5,2.5,5.5,1,0.5,0,2,1,
167,Matthew Murrell,3,16.67,20.7,6.3,2,5,40,0.7,2.3,28.6,0.7,1,66.7,0.7,2.7,3.3,1.7,1,1.7,0,1.3,1,
168,Nate Bittle,4,25.02,20.6,9.8,3.5,7,50,1.8,4,43.8,0.5,0.5,100,1.8,5,6.8,2.3,2.5,0.8,2.8,3.3,4,
169,"Ernest Udeh, Jr.",5,11.73,20.6,4.4,1.6,3.6,44.4,0,0,0,0.6,1.4,42.9,2,3.2,5.2,1.2,0.6,1.2,2.8,3.2,-1,
170,Felix Okpara,3,19.29,20.4,6.7,2.7,5.7,47.1,0,0,0,0.7,0.7,100,2.3,2.3,4.7,1.7,2,0.7,1.3,2.3,12,
171,Norchad Omier,5,23.63,20.3,10.6,4.2,7.2,58.3,0.8,1.2,66.7,0.8,1.4,57.1,4,5.8,9.8,2,0.6,1.2,0.4,4.2,0,
172,Tucker DeVries,3,20.09,20.3,8,2.7,8,33.3,2,7,28.6,0.3,0.3,100,0.7,0.7,1.3,1.3,0,0,0,1.7,5,
173,Jahmyl Telfort,4,22.26,20,6.3,2.3,5,45,1.3,3.3,38.5,0.3,0.3,100,0.8,1.3,2,1.8,0.3,0.3,0,1.8,12,
174,Mark Sears,3,21.22,20,12.3,4,9.3,42.9,1.7,4.7,35.7,2,2.3,85.7,0,0.3,0.3,2.7,2,1.3,0.3,1.7,3,
175,Jamir Watkins,1,8,20,2,1,2,50,0,0,0,0,0,0,1,3,4,0,0,1,0,9,7,
176,Jaden Bradley,4,13.72,19.9,6,2,6.8,29.6,0,0.5,0,2,2.8,72.7,0.5,3.3,3.8,2.8,3.3,0.3,0.3,2.5,-2,
177,Keshon Gilbert,1,13.04,19.8,10,5,7,71.4,0,1,0,0,2,0,1,4,5,5,4,2,0,3,10,
178,Henri Veesaar,4,18.45,19.7,11.3,4.3,7.8,54.8,1.8,3.8,46.7,0.5,1.3,40,1,2.5,3.5,1.8,2,0.8,1.3,3.3,-4,
179,Oscar Cluff,4,15.23,19.7,4.5,1.5,3,50,0,1,0,0.8,1.3,60,1.5,6.8,8.3,0.5,1,0.5,0.8,2.8,8,
180,Jonas Aidoo,4,26.15,19.6,9,3.3,6.5,50,0.3,0.3,100,1.3,2,62.5,2.5,6.3,8.8,0.3,3.3,0.3,3.3,4.5,-3,
181,Zeke Mayo,3,19.41,19.6,8,2.7,7.3,36.4,1.3,4,33.3,0.7,0.7,100,0.3,1.3,1.7,1.7,2,2,0,0.7,-10,
182,Tamar Bates,4,18.86,19.6,8.8,3.3,6,54.2,1,2.5,40,0.5,0.8,66.7,1,1.8,2.8,0.8,0.8,0.3,0,2.3,-5,
183,Tyler Bilodeau,4,16.56,19.6,4.3,1.3,5.5,22.7,0.5,3.3,15.4,0.8,0.8,100,0.5,2.3,2.8,0.8,0.8,1,0.8,3,-1,
184,Donovan Atwell,5,17.36,19.5,10.6,3.6,7.2,50,3.2,6.6,48.5,0.2,0.6,33.3,0.2,1.6,1.8,0.8,0.4,0.8,0.4,1.8,2,
185,Quincy Olivari,5,18.34,19.3,11,3.6,10,36,2.6,6.6,39.4,0.6,1,60,0,3.2,3.2,3.6,2,1,0.2,1.4,-2,
186,TyTy Washington Jr.,4,17.54,19.3,7,2.8,5.8,47.8,1,2.3,44.4,0.3,0.5,50,0.5,2.8,3.3,3.3,1.5,1.8,0,1.3,-1,
187,Jalon Moore,3,16.07,19.3,6,2,5.7,35.3,0.3,1.7,20,1,1.3,75,1,3,4,0.7,1.7,1.3,0,4.7,-4,
188,Gerald Ayayi,1,11.09,19.3,7,3,7,42.9,1,2,50,0,0,0,2,1,3,0,0,2,0,1,-11,
189,Isaac McKneely,4,18.56,19.2,5.5,2.3,5.5,40.9,0.8,3.8,20,0.3,0.3,100,0.3,1.3,1.5,2,0.3,0.3,0,1.5,-1,
190,Tobi Lawal,5,18.45,19.2,5.8,2,5,40,0.6,2.6,23.1,0.6,0.6,100,1,2.8,3.8,0.6,0,0,1.2,1.8,-7,
191,Eric Dixon,3,5.6,19.2,4.3,2,8,25,0.3,3.7,9.1,0,0.7,0,1,2.3,3.3,1,0,0.3,0.3,1.7,-7,
192,Buddy Boeheim,4,16.89,19.1,9.3,3,6.8,44.4,2,5.3,38.1,0.8,1.3,60,0.5,0.5,1,0.8,0,1,0.3,1.8,-8,
193,Devon Higgs,3,13.73,19.1,6,2,5,40,0,1.7,0,1,1.3,75,0.7,1.3,2,0.3,1.7,1.3,0.7,1.3,-4,
194,Jon Elmore,2,27.94,19,8.5,2.5,4,62.5,2.5,3.5,71.4,0.5,0.5,100,0,2.5,2.5,5,1,1.5,1,1,9,
195,Nate Johnson,3,21.61,19,8,2.7,7,38.1,1.3,2.7,50,0.7,0.7,100,0.3,1,1.3,2,1.3,2.7,0,2.3,-6,
196,Anton Watson,4,20.63,19,7.5,2.8,7.3,37.9,1,3.8,26.7,0.5,0.5,100,0.3,1.3,1.5,2.8,1.3,0.8,1,1.3,8,
197,Jalen Bridges,5,18.63,19,6.4,2.4,5,48,0.8,3,26.7,0.6,0.8,75,1.8,2,3.8,0.2,0.4,1.2,0,2.2,6,
198,Kadary Richmond,4,19.91,18.9,7.5,2,6.3,32,1,2.3,44.4,1.5,1.8,85.7,1.5,2.5,4,2.5,2.3,0.8,1,2,-2,
199,Darin Green Jr.,4,24.54,18.8,15.8,5.3,9.5,55.3,4.3,7.8,54.8,0.5,0.8,66.7,0.8,1.8,2.5,2.5,1,0.5,0,0.5,15,
200,Cameron Corhen,2,20.8,18.6,9,3.5,5,70,0,1,0,1,1,100,0.5,2,2.5,1.5,1,1.5,0.5,4,4,
201,Noa Essengue,4,15.24,18.6,6.5,1.8,4,43.8,0.3,1.5,16.7,1.5,2.8,54.5,1,3.5,4.5,0.8,1.3,1.3,1.8,4.8,0,
202,Liam Robbins,5,17.94,18.5,9.2,3.6,6.8,52.9,0.4,2,20,0.8,1.2,66.7,1.8,3,4.8,1.4,2.8,0.4,2,4.6,-5,
203,Brandon Boston Jr.,3,23.33,18.4,11.3,3.3,7.3,45.5,2,4,50,1.3,1.3,100,1.3,0.3,1.7,1.3,1,0.7,0.7,0.3,0,
204,RJ Nembhard Jr.,3,10.69,18.4,6.3,2.7,7.3,36.4,0.3,2.3,14.3,0.3,1,33.3,0.3,1.7,2,1.7,2,0,0,2,-7,
205,Phillip Wheeler,4,20.06,18.3,9,2.5,5.5,45.5,1.5,3.3,46.2,1.3,1.8,71.4,0.5,1,1.5,0.5,2.3,0.8,1,2,3,
206,AJ Hoggard,3,19.5,18.3,5.7,2,7,28.6,0.7,2,33.3,0.7,0.7,100,0.3,2.7,3,4.3,3,1,0,2,-2,
207,Jorge Diaz-Graham,5,17.65,18.2,7.2,2.4,6.4,37.5,1.4,4,35,0.6,1,60,1.2,4.2,5.4,1.8,1.4,1.2,0.8,2,3,
208,Kendall Brown,3,15.45,18.1,5.7,2.3,4,58.3,0,1,0,0.7,1,66.7,0.3,2,2.3,1.3,1,1.3,1.3,1.3,4,
209,Drake Allen,5,12.35,17.9,4,1.6,4.4,36.4,0,1.6,0,0.4,0.6,66.7,1,1.2,2.2,2.2,1,1.4,0.4,2.4,-4,
210,Lajae Jones,4,23.84,17.7,11,4.3,8.3,51.5,1,2.8,36.4,1.3,1.3,100,1.5,2.3,3.8,0.3,0.8,0.8,0.5,1.5,9,
211,Ugonna Onyenso,5,15.21,17.7,2.8,1,3,33.3,0.4,0.8,50,0.2,0.4,50,2,2.8,4.8,0.4,1,0.8,1.8,1.6,-5,
212,Tyreke Key,4,22.2,17.6,13,3,7,42.9,1.3,3.5,35.7,3,3,100,0.3,1.5,1.8,1.3,1.3,0.3,0.3,1.8,1,
213,Jaylen Martin,5,16.15,17.6,9.6,3.4,7.8,43.6,0.4,3,13.3,1.2,2,60,0.8,2.2,3,3.4,2.4,0.6,0.4,1.4,3,
214,DeJon Jarreau,3,16.75,17.5,6.3,2.7,8.3,32,0.3,1.3,25,0.7,1,66.7,1,4.7,5.7,4.7,1.7,1,1.7,1.7,1,
215,Lawson Lovering,4,13.37,17.5,4.5,2,3.3,61.5,0,0,0,0.3,0.8,33.3,1.5,0.8,2.3,1.3,1.8,0.3,0.5,4.5,15,
216,Kennedy Chandler,5,16.51,17.4,7.8,2.6,6,43.3,0.4,1.8,22.2,1,1.4,71.4,0.8,1.2,2,3.6,1.8,1,0.6,1.2,-5,
217,Hayden Gray,4,15.23,17.3,3,1.3,4.5,27.8,0,1,0,0.3,0.3,100,0.5,1.8,2.3,3.3,1.8,1.8,0.3,2.3,0,
218,Marquel Sutton,5,20.42,17.2,5.6,2,3.8,52.6,0.4,1.4,28.6,0.6,0.6,100,1,2.8,3.8,0.8,0.8,0.2,0.2,3,-4,
219,Malik Dia,4,18.33,17.2,9.8,3.5,9,38.9,1,2.8,36.4,1,1.5,66.7,1,4,5,0.3,0.8,0.8,0.8,2,-2,
220,Jahmai Mashack,4,20.87,17,5,1,3,33.3,0.5,0.8,66.7,1.3,1.5,83.3,0.8,2.3,3,2.3,0.8,1.8,0.3,2,-1,
221,Tyler Smith,3,19.02,16.9,12.3,3.3,8.3,40,1.7,5.3,31.3,2.3,3.3,70,0.7,1.7,2.3,1,1.3,0,0.7,1.7,3,
222,Taye Fields,4,17.79,16.8,2.5,1,1.8,57.1,0.3,0.5,50,0.3,0.5,50,2,2.3,4.3,1.3,0.5,1.5,0,3,-1,
223,Yuki Kawamura,4,16.29,16.8,9,2.3,6,37.5,0.3,2.5,10,2.3,2.8,81.8,0,1,1,3,1.8,0.3,0,2.3,-1,
224,Gabe McGlothan,4,20.08,16.7,9.3,2.5,6.3,40,1.3,3,41.7,1.5,2,75,1,2.8,3.8,0,0.5,1,0.3,1.8,7,
225,AK Okereke,4,17,16.7,5.3,1.8,3.8,46.7,1,2.5,40,0.5,1,50,1,1,2,2,1.3,0.5,0.8,2.8,6,
226,Blake Hinson,5,14.16,16.7,8,2.4,7.8,30.8,1,4.8,20.8,1.2,2,60,0.8,2,2.8,0.8,0.6,0.4,0,1.4,-6,
227,Eli Ndiaye,2,8.58,16.7,3.5,1.5,4,37.5,0.5,1.5,33.3,0,0,0,0,2,2,1,0.5,0,0,1.5,-3,
228,Nate Mensah,4,6.54,16.7,2,1,2.3,44.4,0,0,0,0,0.5,0,1.5,4.5,6,0.5,0.8,1.3,1.3,2.3,-3,
229,Keyshawn Hall,3,8.32,16.6,2,0.7,3.7,18.2,0,0.3,0,0.3,0.7,50,0.3,3,3.3,0.7,1.3,0.7,0,2,-4,
230,Dane Goodwin,5,7.31,16.5,2.4,1,5.2,19.2,0,2.6,0,0.2,0.6,33.3,0.8,1.4,2.2,1.2,0.4,1,0.4,2.2,-1,
231,Justin Harmon,4,20.68,16.4,9,3.5,8,43.8,0.5,2.8,18.2,1.5,1.5,100,1,3.3,4.3,1.8,1,0.8,0.3,1.5,4,
232,Damion Baugh,5,16.25,16.4,4.4,1.4,4,35,0.6,1.6,37.5,0.6,1,60,0.2,3.4,3.6,2.6,2,1,0.4,2.2,1,
233,Jamarion Sharp,4,15.1,16.4,7.3,2.8,3.8,73.3,0,0,0,1.3,3,41.7,3,3.8,6.8,0.8,1.8,0.8,2.8,2,-4,
234,Matt Rogers,4,14.58,16.3,8,3.3,5.8,56.5,1.5,2.5,60,0,0,0,0.8,2,2.8,1.5,0.8,0,0,1.3,-1,
235,Cameron Hildreth,1,30.77,16.2,11,3,3,100,2,2,100,2,3,66.7,0,1,1,1,1,1,0,2,8,
236,Rashaun Agee,5,18.14,16.2,5.6,2.4,6,40,0,0.6,0,0.4,0.4,100,2.8,3.4,6.2,1.4,1.2,1,0.6,2.4,7,
237,John Camden,3,16.23,16.2,5,1.3,7.3,18.2,1,5.3,18.8,0.7,0.7,100,1.7,1.7,3.3,0.3,1,0.3,0,1.7,-6,
238,Nick Jourdain,5,18.43,16.1,5,1.6,3.4,47.1,0.4,1.4,28.6,0.8,1,80,1.6,3.4,5,1.6,0.8,1.2,0.2,1.2,0,
239,Bez Mbeng,4,23.33,16,5.5,1.8,3,58.3,0.5,1,50,1.3,1.3,100,0.3,1,1.3,3,0,1.5,0,0.5,3,
240,Amani Lyles,4,21.5,16,12,4,7,57.1,0.8,2.3,33.3,1.8,2,87.5,2,1.8,3.8,0.5,2.3,1,0.5,1.3,-6,
241,Xaivian Lee,5,19.02,16,6.4,2.4,6,40,0.6,2.8,21.4,0.6,0.6,100,0,2,2,2.4,1,0.6,0.2,2.2,-1,
242,Igor Milicic Jr.,4,18.54,16,5.3,1.5,4.8,31.6,0.8,3.5,21.4,0.8,0.8,100,1.5,4.5,6,1,1.8,1,0.8,2.3,-4,
243,Giovanni Emejuru,4,12.03,16,2.5,0.8,3,25,0,0.3,0,0.5,0.8,66.7,2.5,2.3,4.8,0,0.8,0.5,0,2.8,7,
244,Duke Miles,4,9.68,16,5.8,2.3,5.8,39.1,1.3,4.3,29.4,0,0,0,0.5,1.8,2.3,2.8,1,0.8,0.3,1.3,-2,
245,RayJ Dennis,1,18.89,15.8,10,3,7,42.9,0,3,0,2,2,100,0,2,2,3,1,3,0,0,8,
246,Keon Johnson,4,15.47,15.7,8,2.3,6.3,36,0.3,3,8.3,1.8,2.3,77.8,0.5,1.5,2,1.3,1.5,1,0.3,1.5,-1,
247,Zack Austin,3,14.16,15.7,5.7,1.7,5.3,31.3,0.3,2.7,12.5,1,1.3,75,1.3,0.7,2,0.7,0.7,0.7,2,1.7,-5,
248,Malik Williams,5,14.55,15.6,3.8,1,3.4,29.4,0.6,2.6,23.1,0.6,1,60,1.4,4.2,5.6,1.2,0.8,0.4,0.6,2.8,3,
249,Nick Boyd,3,20.91,15.5,8,3,6.3,47.4,0.7,2.3,28.6,0.7,0.7,100,0.3,1.7,2,2.7,1,1,0,2.7,0,
250,Luke Travers,3,17.61,15.5,4.7,1.3,5,26.7,0.7,2.7,25,0.7,0.7,100,1,1.3,2.3,1.3,1.7,1.7,0,0.3,-1,
251,Saint Thomas,4,9.57,15.5,4.5,2,4.8,42.1,0.5,2,25,0,0.3,0,1,3.3,4.3,1,1.5,0.3,0.3,2.8,0,
252,Gerald Ayayi,2,2.35,15.4,1,0.5,5,10,0,2,0,0,1,0,1.5,2,3.5,0,0,0,0,4,-7,
253,Peter Suder,4,18.27,15.3,5.8,2,4.5,44.4,0.8,2.5,30,0.5,0.8,66.7,0.5,2.3,2.8,2.3,1.5,0.3,0,3,12,
254,Adam Flagler,5,15.43,15.3,5.8,2.2,6,36.7,0.6,2.6,23.1,0.4,0.6,66.7,0.2,1.6,1.8,1.6,0,0.6,0.6,1.2,2,
255,Cameron Matthews,3,15.32,15.3,4,1.7,4.3,38.5,0,1,0,0.3,0.3,100,0.3,1.3,1.7,1.7,0.7,0.7,0.7,2,-6,
256,Jahmi'us Ramsey,4,20.49,15.2,6.5,2.3,5.5,40.9,1.3,3.3,38.5,0.5,0.5,100,0.5,2.5,3,1,1,0.3,0,0.3,-3,
257,Kylan Boswell,5,13.44,15.2,5,2,3.6,55.6,1,2,50,0,0.6,0,1.2,2.2,3.4,3,1.4,0.6,0,0.8,2,
258,Solomon Washington,2,20.15,15.1,2.5,0.5,2,25,0.5,1,50,0.5,0.5,100,2,3,5,3,0.5,1,0.5,1,3,
259,Steven Ashworth,2,16.05,15.1,5.5,0.5,3.5,14.3,0.5,3,16.7,2,2,100,2,1,3,4.5,2.5,0,0,2.5,-3,
260,Hyunjung Lee,4,18.32,15,9.3,2,6.3,32,1.3,4.8,26.3,2.3,2.8,81.8,1,1.8,2.8,0.3,1.3,1,0.8,1.3,4,
261,Jalen Warley,2,14.25,14.9,3,1,5,20,0,1,0,0.5,0.5,100,1,2,3,0.5,0,1.5,0.5,4,-1,
262,Christian Shumate,4,11.38,14.9,3.8,1.8,3.5,50,0.3,0.8,33.3,0,0,0,2.5,3.3,5.8,1.3,1,0.3,0.3,0.8,5,
263,Boo Buie,5,15.58,14.8,5.6,1.6,6,26.7,0.8,3.6,22.2,1,1.2,83.3,0.4,1,1.4,1.6,1.6,0.6,0,1.2,-4,
264,Carson Cooper,4,10.72,14.8,3.5,0.8,2.8,27.3,0,0.3,0,1.3,2,62.5,1.3,2.8,4,0.5,1,0.3,0.5,2.3,-6,
265,Nate Kingz,3,6.91,14.7,4.3,1.7,6,27.8,1,4,25,0,0.3,0,0,2,2,1,0,0.3,1,0.7,-8,
266,Kobe Knox,2,7.11,14.6,2.5,1,3.5,28.6,0.5,2.5,20,0,1.5,0,1.5,1.5,3,0.5,0,0,1.5,2,1,
267,Oziyah Sellers,5,17.65,14.5,5.8,2,4.8,41.7,0.4,2.2,18.2,0.8,0.8,100,0,2.2,2.2,0.8,1,0.2,0,1.4,-8,
268,Mark Mitchell Jr.,3,17.15,14.5,4.3,1.3,2.7,50,0.3,1,33.3,1,1.3,75,1,1,2,0.3,0,0,1,1,-5,
269,William Hickey,4,15.56,14.5,4.5,1.8,3.5,50,0.5,1.3,40,0.3,0.8,33.3,1.5,3.5,5,2,0.8,0.8,0,2,4,
270,Jameer Nelson Jr.,4,10.52,14.5,5.5,1.8,5.8,30.4,0,0.8,0,1,2.3,44.4,0.3,2.3,2.5,1,2.5,1.5,0.8,1.3,1,
271,Lachlan Olbrich,3,16.86,14.4,9.3,2,5.3,37.5,0,0.7,0,2.7,3,88.9,1,1.3,2.3,1.3,2.3,1.3,0.7,4,5,
272,Keion Brooks Jr.,4,16.05,14.4,6.5,1.5,5,30,0.3,2.3,11.1,1.8,2,87.5,0.8,2.3,3,1,1.3,0.3,0.5,1.3,2,
273,Chance McMillian,4,23.14,14.3,9,3,6.3,48,2,4,50,0.5,0.5,100,0.5,1.5,2,0.3,0.8,0,0,1,2,
274,Flynn Cameron,4,19.45,14.3,10.3,3.8,7.5,50,1.5,3.5,42.9,0.8,1.3,60,1.3,2.3,3.5,3.3,2,0.5,0,2,-2,
275,Michael Foster Jr.,4,18.23,14.3,5.3,2,4.3,47.1,0.8,1.5,50,0.3,0.5,50,0.8,2.3,3,0.3,2,0.8,0.8,2.5,8,
276,Aliou Diarra,5,15.24,14.3,4.8,1.6,3.2,50,0,0,0,1,1.4,71.4,2.6,3.2,5.8,0.2,0.6,0,1,1.6,4,
277,Jayden Nunn,3,5,14.3,1.7,0.7,4.7,14.3,0,1.7,0,0.3,1.7,20,1,2.3,3.3,0,0.7,0.3,0,0.3,-3,
278,Aaron Nkrumah,2,10.33,14.2,5,2,4,50,1,3,33.3,0,0,0,0.5,1.5,2,1,1,0,0,2,-3,
279,Isaac Johnson,4,19.46,14.1,6.8,2.3,6,37.5,1.3,4.3,29.4,0.5,0.5,100,0.8,1,1.8,1,1.3,0,0.8,3.3,-4,
280,Ace Baldwin Jr.,1,7.2,14.1,2,0,1,0,0,1,0,1,2,50,0,2,2,2,2,3,2,0,2,
281,Andersson Garcia,1,23.2,14,6,2,2,100,2,2,100,0,1,0,1,1,2,2,0,0,0,3,8,
282,Colby Jones,3,6.7,14,3.7,1.7,6,27.8,0.3,1.7,20,0,0.3,0,1.3,2,3.3,1.3,1.3,0.3,0.3,0.7,-5,
283,Corey Camper Jr.,4,5.18,13.9,2,1,3.5,28.6,0,1.5,0,0,0.3,0,1.5,1.8,3.3,0.5,0.5,1,0.3,1,5,
284,Jordan Riley,1,4.13,13.9,4,2,6,33.3,0,2,0,0,0,0,1,1,2,1,1,0,1,1,-14,
285,Taevion Kinsey,4,19.86,13.8,6.5,1.5,3.3,46.2,1.3,2.5,50,1.3,1.5,83.3,0,0.8,0.8,0.8,0.5,0,0,1.3,-3,
286,Julian Reese,3,10.87,13.7,4.7,0.7,1.7,40,0,0,0,1.7,3.3,50,1.3,3.3,4.7,0.7,1.3,0.7,0.3,3.3,-9,
287,Max Abmas,1,2.8,13.7,0,0,6,0,0,5,0,0,0,0,0,1,1,5,2,0,0,1,7,
288,Izaiyah Nelson,3,12.47,13.5,2.7,1,2,50,0,0.3,0,0.3,0.7,50,0.7,2.3,3,0.7,0.7,1,1,3.3,5,
289,Dominique Daniels Jr.,2,3.78,13.5,3,1.5,8,18.8,0,2.5,0,0,0,0,0,1.5,1.5,1,0,0.5,0,2.5,-3,
290,Jaylin Williams,5,24.76,13.4,7.6,2.8,4.4,63.6,1.2,2.4,50,0.6,0.6,100,1.2,2,3.2,0.8,0.6,0.6,0.4,1.6,4,
291,Ian Schieffelin,4,22.97,13.4,7.8,2.5,5.3,47.6,1.3,2.5,50,1,1,100,1,1.5,2.5,0.5,0.8,0.3,0.3,2.8,1,
292,Fletcher Loyer,5,19.97,13.3,7,2,4.6,43.5,0.8,2.6,30.8,1.4,1.4,100,0.2,0.6,0.8,0.6,0.6,0.2,0,0.6,2,
293,Christoph Tilly,3,13.93,13.2,7,3.3,5,66.7,0,0,0,0.3,0.7,50,1,2,3,0.3,1,0.7,0,3.3,-5,
294,Jaden Springer,5,18.03,13.1,6.8,2,4.4,45.5,0.6,1.2,50,1.2,2,60,0,0.6,0.6,1.2,2,0.8,1,1.4,-1,
295,TJ Bamba,2,15.54,13.1,3.5,1,5.5,18.2,0.5,3,16.7,0.5,0.5,100,0.5,1,1.5,1.5,0.5,0,0,2,-1,
296,Davide Casarin,1,1.3,13.1,0,0,1,0,0,1,0,0,1,0,0,2,2,2,4,0,0,3,-3,
297,Norris Agbakoko,3,17.16,13,4.7,1.3,1.3,100,0,0,0,1,2,50,1,2,3,1.3,1.3,0,1.7,2,-1,
298,Ezra Ausar,2,15.82,13,8.5,3,4.5,66.7,0,0,0,1.5,3,50,1.5,3.5,5,0,1,1.5,0.5,3,5,
299,Steven Crowl,3,8.72,13,1.7,0.7,2,33.3,0.3,1,33.3,0,0,0,1.3,1.7,3,1.3,1.3,0,0.3,2,4,
300,Ben Humrichous,3,19.96,12.9,4.3,1.3,3.7,36.4,1.3,3.7,36.4,0.3,0.3,100,0.7,2.3,3,0,0.3,0.3,1,1.3,3,
301,Isaiah Stevens,5,10.65,12.8,3.4,0.8,3,26.7,0,0.4,0,1,1.4,71.4,0,0.8,0.8,2.6,1,0,0.2,1,-8,
302,Deivon Smith,2,3.98,12.8,1,0.5,1.5,33.3,0,0,0,0,0.5,0,0.5,4,4.5,1,2,0.5,0.5,0,-10,
303,Trey Kaufman-Renn,5,20.86,12.7,6.6,2,3.8,52.6,0.2,0.8,25,1.2,1.2,100,1.6,2,3.6,0.6,0.8,1,0,1.6,4,
304,Andrew Carr,5,19.76,12.7,4.4,1.4,3.6,38.9,0.6,1.8,33.3,0.6,0.6,100,1.8,2.4,4.2,0.8,0.2,0.2,0.4,2.4,0,
305,Keba Keita,3,15.24,12.7,7,3,5,60,0,0,0,0.7,1,66.7,0.7,2,2.7,0.3,0.7,0,1.3,1.3,0,
306,Houston Mallette,3,14.65,12.7,2.3,0.7,4,16.7,0.3,3.3,10,0.3,0.3,100,1.7,1.3,3,2,0.3,0,0,0.3,0,
307,Miller Kopp,4,17.53,12.5,4.8,1.3,4.5,27.8,1.3,4.5,27.8,0.5,0.5,100,0.3,0.8,1,0.8,0.8,0.3,0.3,1,-3,
308,Kaodirichi Akobundu-Ehiogu,5,15.26,12.4,6.4,2.8,3.6,77.8,0,0.2,0,0.4,0.8,50,1,1.4,2.4,0.2,0.6,0.2,1.2,1.6,2,
309,Dain Dainja,1,8.6,12.4,6,3,5,60,0,0,0,0,0,0,4,2,6,0,1,0,1,1,-3,
310,Lance Ware,4,4.21,12.3,1,0.3,1.5,16.7,0,0,0,0.3,1.3,20,1.5,1.8,3.3,1.3,0,0.5,0.3,1.3,-9,
311,Roddy Gayle Jr.,4,19.11,12.2,5.5,2,3.3,61.5,1,1.5,66.7,0.3,0.5,50,0.5,1.8,2.3,0.8,0.5,0.3,0.3,1.3,-9,
312,Sean East II,5,15.95,12.2,3.6,1.4,3,46.7,0.4,1,40,0.2,0.4,50,0,1,1,1.2,1.2,0.6,0.2,2.6,5,
313,Antonio Reeves,3,12.22,12.2,5.3,2,5,40,0.7,2.7,25,0.3,1,33.3,1,1.3,2.3,1,1,0.7,0.3,0.3,-1,
314,Miles Kelly,1,15.47,12.1,8,3,5,60,2,3,66.7,0,0,0,0,2,2,2,3,0,1,2,-5,
315,Latrell Wrightsell Jr.,5,7.7,12.1,3.6,1.4,4.6,30.4,0.8,2.8,28.6,0,0,0,0.6,0.6,1.2,0.8,0.6,0.4,0.2,1.4,-1,
316,Will Johnston,4,2.27,12.1,0.5,0.3,1.8,14.3,0,0.8,0,0,0.3,0,0,1.3,1.3,0.3,0,0.5,0,1.3,0,
317,Basheer Jihad,4,10.14,11.9,4,1.8,3,58.3,0,0.8,0,0.3,1,25,0.8,1.5,2.3,0.8,1,1,1,1.8,-3,
318,Jacob Toppin,1,7.1,11.9,2,1,2,50,0,0,0,0,0,0,1,1,2,0,0,0,1,1,10,
319,Jaden Henley,5,15.89,11.8,4.4,1.4,4.2,33.3,0.2,0.8,25,0.8,1,80,0.6,2.2,2.8,0.6,1.6,0.8,0.2,2,-3,
320,Tre'Von Spillers,3,13.08,11.8,5,2,4.3,46.2,1,2,50,0,0,0,2,4,6,1,0.3,1,0.7,0.3,5,
321,Jaxon Kohler,2,27.55,11.7,5.5,1.5,3,50,0.5,0.5,100,1,1,100,0.5,2,2.5,0,0,0,0.5,1,6,
322,Terrell Brown Jr.,3,14.88,11.7,3.3,1.3,3.3,40,0,0.3,0,0.3,0.3,100,0,1,1,3,1.7,0,0,1.3,-8,
323,Tyler Burton,4,17.91,11.6,6,2,4,50,0.8,1.8,42.9,0.8,1.3,60,1,1.3,2.3,0.8,1.3,0.5,0.5,1.8,0,
324,Tyson Degenhart,3,2.93,11.6,2,1,4.3,23.1,0,2,0,0,0,0,0.3,1,1.3,0,0.3,0,0,2,-8,
325,Jesse Edwards,3,16.3,11.5,4,1.7,3,55.6,0,0,0,0.3,0.3,100,1,0.7,1.7,0.7,1,0.3,0.7,1,-9,
326,Viktor Lakhin,5,12.31,11.5,4,1.4,2.6,53.8,0,0.4,0,0.6,1.4,42.9,0.8,3.4,4.2,1.2,1.8,0.2,1,2.4,1,
327,Dain Dainja,3,17.38,11.3,4.7,1.3,2.7,50,0,0,0,1,1,100,1.7,2.7,4.3,0.7,0.7,0.3,0,2.7,0,
328,Brandon Angel,3,14.56,11.3,2.7,1,2.7,37.5,0.7,0.7,100,0,0,0,2.3,0.7,3,0,0.7,0.3,0,2.3,-9,
329,Zach Cleveland,1,10.17,11.2,4,2,3,66.7,0,0,0,0,0,0,0,1,1,3,1,2,0,0,18,
330,Karim Lopez,1,2.9,11.2,0,0,1,0,0,0,0,0,0,0,1,3,4,0,2,1,2,3,12,
331,Mylik Wilson,3,3.96,11,2,1,3.3,30,0,0.3,0,0,0,0,0.7,0.3,1,1,1.3,1.7,0.3,1.7,-5,
332,Arnas Sakenis,3,20.83,10.9,2.3,0.7,1.7,40,0.3,0.3,100,0.3,0.7,50,1.3,0.7,2,0.3,0.7,0,1.3,0.7,5,
333,Alondes Williams,4,11.93,10.9,2.5,0.5,3.8,13.3,0.5,2,25,0.5,0.8,66.7,0.8,1,1.8,1.3,0.5,0,0.3,1,-3,
334,Kyle Mangas,3,14.66,10.8,2.7,1,4.3,23.1,0.3,2.7,12.5,0.3,0.3,100,0.7,1,1.7,1,0,0.3,0,0.7,-6,
335,Brendan Hausen,2,17.6,10.7,10,3.5,5,70,3,4,75,0,0,0,0,1.5,1.5,0.5,0,0,0,0,2,
336,RJ Melendez,4,16.51,10.7,5,1.5,4,37.5,0.5,2.3,22.2,0.8,1,75,0.3,2,2.3,0.3,1,0.8,0.3,1.3,7,
337,Osayi Osifo,4,22.88,10.6,8.5,2.5,3.8,66.7,0.3,0.8,33.3,2,2,100,1,1.5,2.5,0,0.8,0.3,0.3,3.5,-1,
338,William Kyle III,4,12.03,10.6,2.5,1,1.3,80,0,0,0,0.3,1.5,16.7,1.3,1.8,3,0.5,0.5,0.3,0.8,1.8,7,
339,Tre Carroll,2,6.7,10.4,3,1.5,3,50,0,0.5,0,0,0,0,1.5,2.5,4,0.5,1,0,0,1.5,-2,
340,Lamar Wilkerson,3,3.31,10.4,1,0.3,2.7,12.5,0.3,2,16.7,0,0,0,0,0.3,0.3,1,0.3,0,0,0.7,-5,
341,Malik Thomas,1,0.7,10.4,0,0,2,0,0,1,0,0,0,0,0,2,2,2,1,0,0,3,-6,
342,Kowacie Reeves Jr.,1,15.73,10.3,4,1,3,33.3,0,2,0,2,2,100,1,2,3,0,0,0,1,1,2,
343,Keyshawn Bryant,2,14.36,10.1,5,1.5,4.5,33.3,1,2,50,0.5,1.5,33.3,0,0.5,0.5,0,0,0,0.5,3.5,6,
344,Zhaire Smith,4,10.63,10.1,5.3,2.5,4,62.5,0.3,1.3,20,0,0,0,0.5,0,0.5,1.8,0.8,0.8,0.5,1.5,4,
345,Themus Fulks,3,18.29,9.9,3.7,1,3,33.3,0.3,1,33.3,1,1,100,0,1.3,1.3,2.7,1,0,0,2,-3,
346,M.J. Iraldi,1,14.23,9.9,4,1,3,33.3,0,2,0,1,1,100,0,0,0,0,0,0,0,4,-7,
347,Cam Carter,2,13.07,9.8,3,1,5.5,18.2,0,3,0,0.5,0.5,100,0,0,0,0.5,1,0,1,0.5,-4,
348,Elias Ralph,2,6.65,9.8,2.5,1,4.5,22.2,0.5,3.5,14.3,0,0,0,1.5,1.5,3,1.5,0.5,0.5,0,0.5,9,
349,Meechie Johnson,4,20.21,9.6,4.3,1.3,2.5,50,0.5,1.5,33.3,0.8,0.8,100,0.5,1,1.5,1.3,1,0.5,0,2.3,-1,
350,Anthony Dell'Orso,2,9.08,9.6,3.5,1.5,3,50,0.5,1.5,33.3,0,0,0,0,0.5,0.5,1.5,0.5,0.5,0,0,-6,
351,Barry Dunning Jr.,5,8.15,9.5,2.6,1,2.6,38.5,0.6,2,30,0,0.2,0,0.2,1.2,1.4,0.8,0.4,0.2,0.4,1.4,-2,
352,Boopie Miller,3,18.48,9.4,4.3,1.3,5,26.7,1,2.7,37.5,0.3,0.3,100,0.7,0.3,1,1.7,1.3,1,0,0.7,-1,
353,Chris Bell,3,19.53,9.3,5,1.7,3.7,45.5,0.7,2,33.3,0.7,0.7,100,0.3,0.3,0.7,0,1,0.7,0.3,1.7,-3,
354,Kobe Stewart,2,16.05,9.3,3,1,2.5,40,0,1,0,0.5,0.5,100,1,1,2,0,0.5,0,0.5,0,7,
355,Kira Lewis Jr.,2,14.1,9.3,3.5,1.5,2,75,0.5,1,50,0,0,0,0,0,0,1,1,1,0,1.5,3,
356,Wyatt Fricks,4,9.54,9.3,4.5,1.8,4.5,38.9,1,2.5,40,0,0.5,0,1.5,0.5,2,0.3,0.3,0,0.3,0.8,-4,
357,Toby Okani,5,2.9,9.1,0.6,0.2,2.8,7.1,0.2,1.6,12.5,0,0,0,0.4,0.6,1,0.2,0.2,0.6,0.2,1.8,-1,
358,Ian Martinez,3,29.21,9,5.3,2,3,66.7,0.7,0.7,100,0.7,0.7,100,0.7,2,2.7,1,1.3,0.3,0,1.3,3,
359,Corey Stephenson,4,11.31,9,3,0.8,3,25,0,1.3,0,0.8,1,75,0.8,1,1.8,0.3,0.5,0,0,1.8,-3,
360,B.J. Edwards,3,12,8.9,2.7,0.7,2.7,25,0,0.7,0,1,1.3,75,0.3,1.3,1.7,1.7,0.3,0,0.3,0.3,5,
361,Curtis Jones,4,4.51,8.9,1.3,0.5,3,16.7,0.3,1.3,20,0,0,0,0.3,1.5,1.8,0.8,1.8,0.8,0,1,-6,
362,Malique Lewis,2,17.97,8.8,2.5,0.5,3,16.7,0.5,1,50,0.5,0.5,100,0.5,1.5,2,0.5,1,0,0,1,-2,
363,Alex Reese,2,7.24,8.6,3.5,1.5,3.5,42.9,0.5,2.5,20,0,1,0,0,0.5,0.5,0,0,0,0,0,-4,
364,Sam Hoiberg,4,0.55,8.6,0,0,0.8,0,0,0.8,0,0,0,0,0.8,1,1.8,1,0.5,0.5,0,1.3,-3,
365,Lucas Dufeal,2,11.05,8.4,3,1.5,2,75,0,0,0,0,0.5,0,0.5,2.5,3,1,2,0.5,1,0,18,
366,Malik Reneau,1,1.5,8.4,0,0,3,0,0,1,0,0,0,0,1,3,4,0,1,0,1,2,-1,
367,Jacksen Moni,3,11.11,8.3,2.3,0.7,2.7,25,0.3,2.3,14.3,0.3,0.7,50,0,2.3,2.3,0.3,1,0.3,0.3,2,4,
368,Chase Ross,3,7.59,8.3,2,1,1.3,75,0,0,0,0,0,0,0,0.3,0.3,0.7,0.3,0.7,0.3,0,-6,
369,Rafael Castro,3,7.9,8.2,1.3,0.3,1.7,20,0,0.3,0,0.3,0.7,50,0.7,0.7,1.3,0,0.3,0,0.7,0.7,0,
370,Riley Kugel,5,19.8,8.1,4,1.4,3.4,41.2,0.8,1.8,44.4,0.2,0.2,100,0.4,0.4,0.8,0.2,0.6,0.2,0.2,0.8,-3,
371,Drew Cisse,3,6.21,7.9,0.7,0.3,0.7,50,0,0,0,0,0.3,0,1.3,1.3,2.7,0.7,0.7,0,0.7,0.7,2,
372,Langston Wilson,2,11.39,7.8,4.5,2,3.5,57.1,0,0.5,0,0.5,1.5,33.3,1.5,3,4.5,0.5,1,0.5,1,1,-2,
373,Ace Bailey,1,1.2,7.8,0,0,5,0,0,0,0,0,0,0,1,1,2,1,0,1,1,0,0,
374,Charles Bediako,2,17.37,7.7,3,1,1.5,66.7,0,0,0,0.5,0.5,100,2,1,3,0,0,0,0,0.5,-6,
375,Miles Barnstable,4,6,7.5,2.3,0.8,3.8,20,0.8,3.3,23.1,0,0,0,0,0.8,0.8,0.3,0.5,0,0.5,1,2,
376,Bryce Thompson,1,5.9,7.5,2,0,1,0,0,0,0,1,2,50,0,1,1,0,2,0,0,2,-3,
377,Zach Freemantle,5,13.69,7.4,1,0.2,0.6,33.3,0,0.2,0,0.4,0.4,100,0.2,1.2,1.4,0.2,0.4,0,0.2,1.2,-4,
378,Guillermo Diaz-Graham,4,25.54,7.3,3.5,0.8,1.3,60,0.3,0.3,100,1,1.5,66.7,0.8,2.5,3.3,0.8,0.5,0.3,0,1.8,10,
379,Efe Abogidi,2,12.21,7.3,5,2,3.5,57.1,1,2,50,0,0,0,0.5,1.5,2,0,0.5,0.5,0,1.5,-5,
380,Dion Brown,3,14.45,7,1.3,0.3,1,33.3,0,0.3,0,0.3,0.3,100,0.7,1,1.7,0.3,1.7,0,0.3,2,0,
381,Ben Middlebrooks,3,10.36,7,0.7,0,1.7,0,0,1.3,0,0.3,0.3,100,0.7,0.7,1.3,0,0.3,0.7,0.3,2.3,-7,
382,Max Mackinnon,3,6.02,6.9,1.7,0.7,2,33.3,0.3,1.3,25,0,0,0,0.3,0,0.3,0.3,0.7,0,0,1.3,-7,
383,Nick Pringle,2,18.07,6.8,3,1,1.5,66.7,0,0,0,1,1,100,1,1.5,2.5,0.5,2,0,0,2,-3,
384,Jack Clark,2,6.73,6.8,1.5,0.5,2,25,0.5,1.5,33.3,0,0,0,0.5,2,2.5,1,0,1.5,0.5,2,-7,
385,Devin Askew,3,6.32,6.7,1,0.3,1.3,25,0.3,1.3,25,0,0,0,0.3,1,1.3,1.7,1,0,0,1.7,2,
386,Luke Goode,2,1.05,6.6,0,0,1,0,0,1,0,0,0,0,0,1.5,1.5,0.5,1,0.5,0,1.5,2,
387,Hank Morgan,3,19.08,6.4,3,1,2,50,0.3,1.3,25,0.3,0.3,100,0.3,0.3,0.7,0,0.3,0,0,1,5,
388,Will Baker,2,16.65,6.3,4.5,1.5,3,50,0,0,0,1,1,100,0,0.5,0.5,0.5,0.5,0,0,1.5,2,
389,Ja'Vier Francis,3,12.07,6.1,2,0.7,1.3,50,0,0,0,0.3,0.7,50,0,2.7,2.7,0.3,0.7,0.3,0.7,1.3,7,
390,Harry Wessels,3,10.53,6.1,0.7,0.3,0.3,100,0,0,0,0,0,0,1,1,2,0,0.3,0,0.7,1,-2,
391,Tristan Enaruna,1,3.63,6,2,1,7,14.3,0,2,0,0,0,0,2,1,3,0,0,1,0,1,2,
392,Jalen Washington,2,9.47,5.9,2,0.5,2,25,0,1,0,1,1.5,66.7,0,1,1,0,0,0,0.5,0.5,-8,
393,Hunter Sallis,2,0,5.8,0,0,1,0,0,0,0,0,0,0,0,1.5,1.5,0,0.5,0,1,1.5,-7,
394,Micah Handlogten,2,17.4,5.7,3,1,1,100,0,0,0,0.5,1,50,2,2.5,4.5,0.5,0,0,0,1,7,
395,Damari Monsanto,2,6.4,5.7,3,1,4,25,1,4,25,0,0,0,0,0.5,0.5,0.5,0,1,0,0.5,-2,
396,Sam Alexis,2,6.5,5.6,2,1,2,50,0,0,0,0,0,0,1,0.5,1.5,0,1,0,1,1,4,
397,Johnell Davis,4,13.63,5.5,2.5,0.8,1.8,42.9,0.5,1.5,33.3,0.3,0.5,50,0,0.8,0.8,0,1,0.3,0,0.3,-1,
398,Chris Mantis,4,10.42,5.5,2.8,1,2.3,44.4,0.8,1.5,50,0,0,0,0.3,0.8,1,0,0,0,0.3,0,-1,
399,Erik Reynolds II,3,4.39,5.5,1,0.3,2.3,14.3,0.3,1.7,20,0,0.3,0,0.7,0.3,1,0,0.7,0.3,0,0.7,0,
400,Chauncey Wiggins,2,9.18,5.2,1.5,0.5,1.5,33.3,0.5,1,50,0,0,0,1,1,2,0.5,0,0,0,0,-1,
401,Chris Ledlum,3,5.46,5.2,2.7,1.3,3.3,40,0,1,0,0,0.3,0,1,1.7,2.7,0,0.3,0,0,0.3,0,
402,Stevie Mitchell,2,32.2,5.1,5.5,1,1,100,0.5,0.5,100,1.5,1.5,100,0.5,0.5,1,0,1,0.5,0,1,6,
403,Jalen Celestine,1,6,4.7,2,1,2,50,0,1,0,0,0,0,1,1,2,0,0,0,0,1,-1,
404,Treysen Eaglestaff,2,4.33,4.6,1.5,0.5,4,12.5,0.5,3.5,14.3,0,0,0,0.5,0,0.5,2,0,0.5,0,0,3,
405,Aaron Scott,2,16.85,4.4,4,1.5,2.5,60,0,0,0,0.5,0.5,100,0.5,1,1.5,0,0,0.5,0,0,-4,
406,Orlando Thomas,2,30.8,4.3,2.5,0.5,0.5,100,0.5,0.5,100,1,1,100,1,0.5,1.5,0,1.5,0,0,0,-3,
407,Javontae Campbell,1,5.9,4.3,1,0,1,0,0,0,0,1,2,50,0,1,1,1,1,0,0,0,0,
408,Bryce Harris,1,19,4.2,4,1,2,50,1,1,100,1,4,25,1,0,1,0,0,0,0,0,-1,
409,Jabri Abdur-Rahim,1,12.87,4.2,5,2,3,66.7,1,2,50,0,0,0,0,0,0,0,0,0,0,0,-1,
410,Elijah Mahi,1,0.1,4.2,0,0,0,0,0,0,0,0,0,0,0,1,1,0,0,0,0,0,-1,
411,Zakai Zeigler,4,11.02,4.1,0.5,0,0.8,0,0,0.5,0,0.5,0.5,100,0.3,0,0.3,0.8,1.5,0,0,0.5,4,
412,David Muoka,2,5.85,4.1,1,0.5,1,50,0,0,0,0,0,0,1,0,1,0,0,0,1,1,2,
413,Caleb Grill,2,30.9,4,3.5,1,1,100,0.5,0.5,100,0.5,0.5,100,0,0,0,0,0,0,0.5,0,1,
414,Aidan Mahaney,4,6.9,3.8,1,0.5,0.8,66.7,0,0.3,0,0,0,0,0,0.3,0.3,0,0.3,0.3,0,1.5,-3,
415,Day Day Thomas,2,3.8,3.6,1,0.5,2,25,0,0.5,0,0,0,0,0,0.5,0.5,1.5,1,0.5,0,0,5,
416,John Ukomadu,2,17.42,3.5,2.5,1,1.5,66.7,0,0.5,0,0.5,0.5,100,0,0.5,0.5,0,1.5,0,1,0.5,-3,
417,Keith Palek III,2,3.78,3.5,1,0.5,1.5,33.3,0,0.5,0,0,0,0,0.5,0,0.5,0,0,0,0.5,0.5,-1,
418,Duke Brennan,2,0.3,3.5,0,0,0.5,0,0,0,0,0,0.5,0,1,1,2,0.5,0.5,0,0,0,-3,
419,Reed Bailey,2,-0.5,3.5,0,0,0,0,0,0,0,0,0,0,0,0,0,0,0,0,0,1,-6,
420,Mitch Mascari,3,7.58,3.4,1,0.3,1.3,25,0.3,0.7,50,0,0.3,0,0,0,0,0,0.3,0.3,0,0.3,-4,
421,Latavious Mitchell,2,3,3.2,1,0.5,2,25,0,0,0,0,1,0,0,0,0,0,0,0,0,0.5,0,
422,Chase Hunter,1,16.4,3.1,3,1,2,50,1,1,100,0,0,0,1,0,1,0,0,0,0,0,4,
423,Tyon Grant-Foster,2,4.03,2.8,1,0.5,1.5,33.3,0,0,0,0,0,0,0,1,1,0,0.5,0,0.5,0,1,
424,Nick Townsend,1,0.5,2.8,0,0,0,0,0,0,0,0,2,0,0,2,2,0,1,0,0,0,-2,
425,John Butler Jr.,4,20.31,2.6,1.5,0.3,0.5,50,0.3,0.5,50,0.3,0.3,100,0.5,0,0.5,0.3,0.8,0,0,0.3,-3,
426,Aziz Bandaogo,2,0.3,2.6,0,0,0.5,0,0,0,0,0,0,0,0,0,0,0.5,0,0,0,0,2,
427,Jake Stephens,1,0.4,2.4,0,0,0,0,0,0,0,0,1,0,0,1,1,0,0,0,0,0,1,
428,Robert McCray V,1,20.3,2.2,3,1,1,100,1,1,100,0,0,0,0,0,0,0,0,0,0,1,-5,
429,Jestin Porter,1,10.6,2.2,2,0,0,0,0,0,0,2,2,100,0,0,0,0,0,0,0,0,0,
430,Kuany Kuany,2,0.3,2.2,0,0,0.5,0,0,0.5,0,0,1,0,0,1,1,0,0.5,0,0,0.5,-2,
431,Jevon Porter,1,0.1,2.2,0,0,0,0,0,0,0,0,0,0,0,0,0,0,0,0,0,1,0,
432,Josiah Allick,2,0.1,2.2,0,0,0,0,0,0,0,0,1,0,0.5,0.5,1,0,0,0,0,1,-3,
433,Jacari White,1,-0.2,2.2,0,0,1,0,0,1,0,0,0,0,0,0,0,1,0,0,0,0,-5,
434,Robbie Avila,1,-0.3,2.2,0,0,0,0,0,0,0,0,0,0,0,0,0,0,1,0,0,1,-5,
435,Dwight Murray Jr.,1,-0.1,2,0,0,0,0,0,0,0,0,0,0,0,0,0,0,1,0,0,0,-2,
436,Akoi Yuot,2,0.55,1.9,0,0,1.5,0,0,0,0,0,0,0,1.5,0.5,2,0,0,0,0,0,0,
437,Mo Amini,2,0.25,1.9,0,0,0,0,0,0,0,0,0,0,0,0.5,0.5,0,0,0,0,0.5,1,
438,Dajuan Harris,3,-0.31,1.8,0,0,0,0,0,0,0,0,0,0,0,0,0,0.3,0.3,0,0,0.3,-4,
439,Aaron Williams,1,-0.1,1.4,0,0,0,0,0,0,0,0,0,0,0,0,0,0,0,0,0,0,-1,
440,Devin McGlockton,3,-0.1,0.9,0,0,0,0,0,0,0,0,0,0,0,0,0,0,0,0,0,0,-1,
441,Andrew Holifield,1,-0.2,0.3,0,0,0,0,0,0,0,0,0,0,0,0,0,0,0,0,0,0,-2,